Country,News Outlet,URL
Philippines,Philippine News Agency (PNA),https://www.pna.gov.ph
Philippines,ABS-CBN News,https://news.abs-cbn.com
Philippines,GMA News Online,https://www.gmanetwork.com/news
Philippines,The Philippine Star,https://www.philstar.com
Philippines,Inquirer.net,https://www.inquirer.net
Indonesia,Antara News Agency,https://www.antaranews.com
Indonesia,The Jakarta Post,https://www.thejakartapost.com
Indonesia,Kompas,https://www.kompas.com
Indonesia,Detik,https://www.detik.com
Malaysia,Bernama,https://www.bernama.com
Malaysia,The Star Online,https://www.thestar.com.my
Malaysia,New Straits Times,https://www.nst.com.my
Malaysia,Malay Mail,https://www.malaymail.com
Singapore,The Straits Times,https://www.straitstimes.com
Singapore,Channel News Asia (CNA),https://www.channelnewsasia.com
Singapore,Today Online,https://www.todayonline.com
Thailand,Bangkok Post,https://www.bangkokpost.com
Thailand,The Nation Thailand,https://www.nationthailand.com
Thailand,Thai PBS World,https://www.thaipbsworld.com
Vietnam,Vietnam News Agency (VNA),https://vnanet.vn/en
Vietnam,VnExpress International,https://e.vnexpress.net
Vietnam,Vietnam News,https://vietnamnews.vn
Myanmar,The Global New Light of Myanmar,https://www.gnlm.com.mm
Myanmar,Myanmar Times,https://www.mmtimes.com
Myanmar,Eleven Media Group,https://elevenmyanmar.com
Cambodia,Khmer Times,https://www.khmertimeskh.com
Cambodia,The Phnom Penh Post,https://www.phnompenhpost.com
Cambodia,Agence Kampuchea Presse (AKP),https://www.akp.gov.kh
Laos,KPL (Lao News Agency),https://kpl.gov.la
Laos,Vientiane Times,https://www.vientianetimes.org.la
Brunei,Borneo Bulletin,https://borneobulletin.com.bn
Brunei,Radio Television Brunei (RTB News),https://www.rtbnews.rtb.gov.bn